[{"model": "admin.logentry", "pk": 1, "fields": {"action_time": "2021-01-04T07:02:26.193Z", "user": 1, "content_type": 8, "object_id": "1", "object_repr": "Шашлик Тортелліні", "action_flag": 2, "change_message": "[{\"changed\": {\"fields\": [\"Photo\", \"Description\"]}}]"}}, {"model": "admin.logentry", "pk": 2, "fields": {"action_time": "2021-01-04T07:06:18.012Z", "user": 1, "content_type": 8, "object_id": "2", "object_repr": "Смажені пельмені", "action_flag": 2, "change_message": "[{\"changed\": {\"fields\": [\"Photo\", \"Description\"]}}]"}}, {"model": "admin.logentry", "pk": 3, "fields": {"action_time": "2021-01-04T07:16:50.717Z", "user": 1, "content_type": 8, "object_id": "3", "object_repr": "Домашня буженіна", "action_flag": 2, "change_message": "[{\"changed\": {\"fields\": [\"Title\", \"Photo\", \"Description\"]}}]"}}, {"model": "admin.logentry", "pk": 4, "fields": {"action_time": "2021-01-04T07:21:56.722Z", "user": 1, "content_type": 8, "object_id": "4", "object_repr": "Сирні помідори", "action_flag": 2, "change_message": "[{\"changed\": {\"fields\": [\"Title\", \"Price\", \"Photo\", \"Description\"]}}]"}}, {"model": "admin.logentry", "pk": 5, "fields": {"action_time": "2021-01-04T07:22:39.536Z", "user": 1, "content_type": 8, "object_id": "4", "object_repr": "Сирні помідори", "action_flag": 2, "change_message": "[]"}}, {"model": "admin.logentry", "pk": 6, "fields": {"action_time": "2021-01-04T07:27:03.473Z", "user": 1, "content_type": 8, "object_id": "1", "object_repr": "Шашлик Тортелліні", "action_flag": 2, "change_message": "[{\"changed\": {\"fields\": [\"Description\"]}}]"}}, {"model": "admin.logentry", "pk": 7, "fields": {"action_time": "2021-01-04T07:27:35.493Z", "user": 1, "content_type": 8, "object_id": "2", "object_repr": "Смажені пельмені", "action_flag": 2, "change_message": "[{\"changed\": {\"fields\": [\"Description\"]}}]"}}, {"model": "admin.logentry", "pk": 8, "fields": {"action_time": "2021-01-04T07:31:25.147Z", "user": 1, "content_type": 8, "object_id": "5", "object_repr": "Фарширована курка", "action_flag": 2, "change_message": "[{\"changed\": {\"fields\": [\"Price\", \"Photo\", \"Description\"]}}]"}}, {"model": "admin.logentry", "pk": 9, "fields": {"action_time": "2021-01-04T07:35:00.324Z", "user": 1, "content_type": 8, "object_id": "6", "object_repr": "Макарони з грибами", "action_flag": 2, "change_message": "[{\"changed\": {\"fields\": [\"Price\", \"Photo\", \"Description\"]}}]"}}, {"model": "admin.logentry", "pk": 10, "fields": {"action_time": "2021-01-04T07:40:24.378Z", "user": 1, "content_type": 8, "object_id": "7", "object_repr": "Ніжна яловичина", "action_flag": 2, "change_message": "[{\"changed\": {\"fields\": [\"Title\", \"Photo\", \"Description\"]}}]"}}, {"model": "admin.logentry", "pk": 11, "fields": {"action_time": "2021-01-04T07:42:38.116Z", "user": 1, "content_type": 8, "object_id": "8", "object_repr": "Курячі наггетси", "action_flag": 2, "change_message": "[{\"changed\": {\"fields\": [\"Price\", \"Photo\", \"Description\"]}}]"}}, {"model": "admin.logentry", "pk": 12, "fields": {"action_time": "2021-01-04T07:42:40.461Z", "user": 1, "content_type": 8, "object_id": "8", "object_repr": "Курячі наггетси", "action_flag": 2, "change_message": "[]"}}, {"model": "admin.logentry", "pk": 13, "fields": {"action_time": "2021-01-04T07:46:19.914Z", "user": 1, "content_type": 8, "object_id": "5", "object_repr": "Фарширована курка", "action_flag": 2, "change_message": "[{\"changed\": {\"fields\": [\"Description\"]}}]"}}, {"model": "admin.logentry", "pk": 14, "fields": {"action_time": "2021-01-04T07:49:24.961Z", "user": 1, "content_type": 8, "object_id": "6", "object_repr": "Макарони з грибами", "action_flag": 2, "change_message": "[{\"changed\": {\"fields\": [\"Description\"]}}]"}}, {"model": "admin.logentry", "pk": 15, "fields": {"action_time": "2021-01-04T07:49:27.417Z", "user": 1, "content_type": 8, "object_id": "6", "object_repr": "Макарони з грибами", "action_flag": 2, "change_message": "[]"}}, {"model": "admin.logentry", "pk": 16, "fields": {"action_time": "2021-01-04T07:53:43.942Z", "user": 1, "content_type": 8, "object_id": "9", "object_repr": "Бефстоганов", "action_flag": 2, "change_message": "[{\"changed\": {\"fields\": [\"Title\", \"Photo\", \"Description\"]}}]"}}, {"model": "admin.logentry", "pk": 17, "fields": {"action_time": "2021-01-04T07:57:51.101Z", "user": 1, "content_type": 8, "object_id": "10", "object_repr": "Хрустка смажена курка", "action_flag": 2, "change_message": "[{\"changed\": {\"fields\": [\"Price\", \"Photo\", \"Description\"]}}]"}}, {"model": "admin.logentry", "pk": 18, "fields": {"action_time": "2021-01-04T08:00:56.648Z", "user": 1, "content_type": 8, "object_id": "11", "object_repr": "Шматочки лосося", "action_flag": 2, "change_message": "[{\"changed\": {\"fields\": [\"Title\", \"Photo\", \"Description\"]}}]"}}, {"model": "admin.logentry", "pk": 19, "fields": {"action_time": "2021-01-04T08:01:09.501Z", "user": 1, "content_type": 8, "object_id": "11", "object_repr": "Шматочки лосося", "action_flag": 2, "change_message": "[{\"changed\": {\"fields\": [\"Special\"]}}]"}}, {"model": "admin.logentry", "pk": 20, "fields": {"action_time": "2021-01-04T08:03:51.702Z", "user": 1, "content_type": 8, "object_id": "12", "object_repr": "Гострий кокосовий лосось", "action_flag": 2, "change_message": "[{\"changed\": {\"fields\": [\"Photo\", \"Description\"]}}]"}}, {"model": "admin.logentry", "pk": 21, "fields": {"action_time": "2021-01-04T10:33:09.627Z", "user": 1, "content_type": 8, "object_id": "13", "object_repr": "Шоколадний торт", "action_flag": 2, "change_message": "[{\"changed\": {\"fields\": [\"Title\", \"Price\", \"Photo\", \"Description\"]}}]"}}, {"model": "admin.logentry", "pk": 22, "fields": {"action_time": "2021-01-04T10:35:21.241Z", "user": 1, "content_type": 8, "object_id": "14", "object_repr": "Терпкий бурбон-пекан", "action_flag": 2, "change_message": "[{\"changed\": {\"fields\": [\"Price\", \"Photo\", \"Description\"]}}]"}}, {"model": "admin.logentry", "pk": 23, "fields": {"action_time": "2021-01-04T10:36:46.820Z", "user": 1, "content_type": 8, "object_id": "15", "object_repr": "Техаський листовий торт", "action_flag": 2, "change_message": "[{\"changed\": {\"fields\": [\"Photo\", \"Description\"]}}]"}}, {"model": "admin.logentry", "pk": 24, "fields": {"action_time": "2021-01-04T10:42:27.088Z", "user": 1, "content_type": 8, "object_id": "16", "object_repr": "Київський торт", "action_flag": 2, "change_message": "[{\"changed\": {\"fields\": [\"Title\", \"Price\", \"Photo\", \"Description\"]}}]"}}, {"model": "admin.logentry", "pk": 25, "fields": {"action_time": "2021-01-04T10:42:28.293Z", "user": 1, "content_type": 8, "object_id": "16", "object_repr": "Київський торт", "action_flag": 2, "change_message": "[]"}}, {"model": "admin.logentry", "pk": 26, "fields": {"action_time": "2021-01-04T11:10:15.399Z", "user": 1, "content_type": 8, "object_id": "4", "object_repr": "Сирні помідори", "action_flag": 2, "change_message": "[{\"changed\": {\"fields\": [\"Special\"]}}]"}}, {"model": "admin.logentry", "pk": 27, "fields": {"action_time": "2021-01-04T11:26:42.446Z", "user": 1, "content_type": 8, "object_id": "13", "object_repr": "Шоколадний торт", "action_flag": 2, "change_message": "[{\"changed\": {\"fields\": [\"Special\"]}}]"}}, {"model": "admin.logentry", "pk": 28, "fields": {"action_time": "2021-01-04T11:26:57.837Z", "user": 1, "content_type": 8, "object_id": "12", "object_repr": "Гострий кокосовий лосось", "action_flag": 2, "change_message": "[{\"changed\": {\"fields\": [\"Special\"]}}]"}}, {"model": "admin.logentry", "pk": 29, "fields": {"action_time": "2021-01-04T11:28:12.698Z", "user": 1, "content_type": 8, "object_id": "12", "object_repr": "Кокосовий лосось", "action_flag": 2, "change_message": "[{\"changed\": {\"fields\": [\"Title\"]}}]"}}, {"model": "admin.logentry", "pk": 30, "fields": {"action_time": "2021-01-04T11:28:29.365Z", "user": 1, "content_type": 8, "object_id": "15", "object_repr": "Техаський листовий торт", "action_flag": 2, "change_message": "[{\"changed\": {\"fields\": [\"Special\"]}}]"}}, {"model": "admin.logentry", "pk": 31, "fields": {"action_time": "2021-01-04T11:29:26.458Z", "user": 1, "content_type": 8, "object_id": "15", "object_repr": "Техаський торт", "action_flag": 2, "change_message": "[{\"changed\": {\"fields\": [\"Title\", \"Special\"]}}]"}}, {"model": "admin.logentry", "pk": 32, "fields": {"action_time": "2021-01-04T11:29:44.143Z", "user": 1, "content_type": 8, "object_id": "12", "object_repr": "Кокосовий лосось", "action_flag": 2, "change_message": "[{\"changed\": {\"fields\": [\"Special\"]}}]"}}, {"model": "admin.logentry", "pk": 33, "fields": {"action_time": "2021-01-11T16:32:01.731Z", "user": 1, "content_type": 9, "object_id": "4", "object_repr": "Mark - mark@gm.ua: Hello!", "action_flag": 2, "change_message": "[{\"changed\": {\"fields\": [\"Is processed\"]}}]"}}, {"model": "admin.logentry", "pk": 34, "fields": {"action_time": "2021-01-11T17:26:07.038Z", "user": 1, "content_type": 3, "object_id": "1", "object_repr": "manager", "action_flag": 1, "change_message": "[{\"added\": {}}]"}}, {"model": "admin.logentry", "pk": 35, "fields": {"action_time": "2021-01-11T18:22:37.918Z", "user": 1, "content_type": 4, "object_id": "2", "object_repr": "Andy", "action_flag": 2, "change_message": "[{\"changed\": {\"fields\": [\"Groups\"]}}]"}}, {"model": "admin.logentry", "pk": 36, "fields": {"action_time": "2021-01-12T16:34:08.695Z", "user": 1, "content_type": 9, "object_id": "6", "object_repr": "Sam - sam@google.com: What the fuck are you doing there?!", "action_flag": 2, "change_message": "[{\"changed\": {\"fields\": [\"Is processed\"]}}]"}}, {"model": "admin.logentry", "pk": 37, "fields": {"action_time": "2021-01-12T16:34:13.303Z", "user": 1, "content_type": 9, "object_id": "6", "object_repr": "Sam - sam@google.com: What the fuck are you doing there?!", "action_flag": 2, "change_message": "[]"}}, {"model": "admin.logentry", "pk": 38, "fields": {"action_time": "2021-01-12T16:34:40.238Z", "user": 1, "content_type": 9, "object_id": "9", "object_repr": "lola - mark@gm.ua: Haha", "action_flag": 1, "change_message": "[{\"added\": {}}]"}}, {"model": "admin.logentry", "pk": 39, "fields": {"action_time": "2021-01-12T16:35:57.187Z", "user": 1, "content_type": 9, "object_id": "10", "object_repr": "Helen - hu@lo.lo: Yes, I like vodka. Send me a bottle.", "action_flag": 1, "change_message": "[{\"added\": {}}]"}}, {"model": "admin.logentry", "pk": 40, "fields": {"action_time": "2021-01-12T16:36:06.628Z", "user": 1, "content_type": 9, "object_id": "5", "object_repr": "Mark - ai_13@bk.ru: Hello from Mark", "action_flag": 2, "change_message": "[{\"changed\": {\"fields\": [\"Is processed\"]}}]"}}, {"model": "admin.logentry", "pk": 41, "fields": {"action_time": "2021-01-12T16:36:19.105Z", "user": 1, "content_type": 9, "object_id": "4", "object_repr": "Mark - mark@gm.ua: Hello!", "action_flag": 2, "change_message": "[]"}}, {"model": "admin.logentry", "pk": 42, "fields": {"action_time": "2021-01-12T16:36:20.822Z", "user": 1, "content_type": 9, "object_id": "4", "object_repr": "Mark - mark@gm.ua: Hello!", "action_flag": 2, "change_message": "[]"}}, {"model": "admin.logentry", "pk": 43, "fields": {"action_time": "2021-01-12T16:36:25.219Z", "user": 1, "content_type": 9, "object_id": "3", "object_repr": "Андрей - ai_13@bk.ru: I'd like to book a table for two/", "action_flag": 2, "change_message": "[]"}}, {"model": "admin.logentry", "pk": 44, "fields": {"action_time": "2021-01-12T16:36:28.744Z", "user": 1, "content_type": 9, "object_id": "2", "object_repr": "Анатолій - slyandy@gmail.com: Хочу замовити торт додому.", "action_flag": 2, "change_message": "[]"}}, {"model": "admin.logentry", "pk": 45, "fields": {"action_time": "2021-01-12T16:36:32.170Z", "user": 1, "content_type": 9, "object_id": "1", "object_repr": "Андрей - ai_13@bk.ru: Привіт! Хочу бронювати столик!", "action_flag": 2, "change_message": "[]"}}, {"model": "auth.permission", "pk": 1, "fields": {"name": "Can add log entry", "content_type": 1, "codename": "add_logentry"}}, {"model": "auth.permission", "pk": 2, "fields": {"name": "Can change log entry", "content_type": 1, "codename": "change_logentry"}}, {"model": "auth.permission", "pk": 3, "fields": {"name": "Can delete log entry", "content_type": 1, "codename": "delete_logentry"}}, {"model": "auth.permission", "pk": 4, "fields": {"name": "Can view log entry", "content_type": 1, "codename": "view_logentry"}}, {"model": "auth.permission", "pk": 5, "fields": {"name": "Can add permission", "content_type": 2, "codename": "add_permission"}}, {"model": "auth.permission", "pk": 6, "fields": {"name": "Can change permission", "content_type": 2, "codename": "change_permission"}}, {"model": "auth.permission", "pk": 7, "fields": {"name": "Can delete permission", "content_type": 2, "codename": "delete_permission"}}, {"model": "auth.permission", "pk": 8, "fields": {"name": "Can view permission", "content_type": 2, "codename": "view_permission"}}, {"model": "auth.permission", "pk": 9, "fields": {"name": "Can add group", "content_type": 3, "codename": "add_group"}}, {"model": "auth.permission", "pk": 10, "fields": {"name": "Can change group", "content_type": 3, "codename": "change_group"}}, {"model": "auth.permission", "pk": 11, "fields": {"name": "Can delete group", "content_type": 3, "codename": "delete_group"}}, {"model": "auth.permission", "pk": 12, "fields": {"name": "Can view group", "content_type": 3, "codename": "view_group"}}, {"model": "auth.permission", "pk": 13, "fields": {"name": "Can add user", "content_type": 4, "codename": "add_user"}}, {"model": "auth.permission", "pk": 14, "fields": {"name": "Can change user", "content_type": 4, "codename": "change_user"}}, {"model": "auth.permission", "pk": 15, "fields": {"name": "Can delete user", "content_type": 4, "codename": "delete_user"}}, {"model": "auth.permission", "pk": 16, "fields": {"name": "Can view user", "content_type": 4, "codename": "view_user"}}, {"model": "auth.permission", "pk": 17, "fields": {"name": "Can add content type", "content_type": 5, "codename": "add_contenttype"}}, {"model": "auth.permission", "pk": 18, "fields": {"name": "Can change content type", "content_type": 5, "codename": "change_contenttype"}}, {"model": "auth.permission", "pk": 19, "fields": {"name": "Can delete content type", "content_type": 5, "codename": "delete_contenttype"}}, {"model": "auth.permission", "pk": 20, "fields": {"name": "Can view content type", "content_type": 5, "codename": "view_contenttype"}}, {"model": "auth.permission", "pk": 21, "fields": {"name": "Can add session", "content_type": 6, "codename": "add_session"}}, {"model": "auth.permission", "pk": 22, "fields": {"name": "Can change session", "content_type": 6, "codename": "change_session"}}, {"model": "auth.permission", "pk": 23, "fields": {"name": "Can delete session", "content_type": 6, "codename": "delete_session"}}, {"model": "auth.permission", "pk": 24, "fields": {"name": "Can view session", "content_type": 6, "codename": "view_session"}}, {"model": "auth.permission", "pk": 25, "fields": {"name": "Can add category", "content_type": 7, "codename": "add_category"}}, {"model": "auth.permission", "pk": 26, "fields": {"name": "Can change category", "content_type": 7, "codename": "change_category"}}, {"model": "auth.permission", "pk": 27, "fields": {"name": "Can delete category", "content_type": 7, "codename": "delete_category"}}, {"model": "auth.permission", "pk": 28, "fields": {"name": "Can view category", "content_type": 7, "codename": "view_category"}}, {"model": "auth.permission", "pk": 29, "fields": {"name": "Can add dish", "content_type": 8, "codename": "add_dish"}}, {"model": "auth.permission", "pk": 30, "fields": {"name": "Can change dish", "content_type": 8, "codename": "change_dish"}}, {"model": "auth.permission", "pk": 31, "fields": {"name": "Can delete dish", "content_type": 8, "codename": "delete_dish"}}, {"model": "auth.permission", "pk": 32, "fields": {"name": "Can view dish", "content_type": 8, "codename": "view_dish"}}, {"model": "auth.permission", "pk": 33, "fields": {"name": "Can add user messages", "content_type": 9, "codename": "add_usermessages"}}, {"model": "auth.permission", "pk": 34, "fields": {"name": "Can change user messages", "content_type": 9, "codename": "change_usermessages"}}, {"model": "auth.permission", "pk": 35, "fields": {"name": "Can delete user messages", "content_type": 9, "codename": "delete_usermessages"}}, {"model": "auth.permission", "pk": 36, "fields": {"name": "Can view user messages", "content_type": 9, "codename": "view_usermessages"}}, {"model": "auth.permission", "pk": 37, "fields": {"name": "Can add anons", "content_type": 10, "codename": "add_anons"}}, {"model": "auth.permission", "pk": 38, "fields": {"name": "Can change anons", "content_type": 10, "codename": "change_anons"}}, {"model": "auth.permission", "pk": 39, "fields": {"name": "Can delete anons", "content_type": 10, "codename": "delete_anons"}}, {"model": "auth.permission", "pk": 40, "fields": {"name": "Can view anons", "content_type": 10, "codename": "view_anons"}}, {"model": "auth.group", "pk": 1, "fields": {"name": "manager", "permissions": []}}, {"model": "auth.user", "pk": 1, "fields": {"password": "pbkdf2_sha256$216000$IiDmqqcaPm0G$ho6lNFBGhw0tBRXsHXsA1koKucrPRS/etkcR883/9wo=", "last_login": "2021-01-15T10:58:27.719Z", "is_superuser": true, "username": "Andrew", "first_name": "", "last_name": "", "email": "85mobile@gmail.com", "is_staff": true, "is_active": true, "date_joined": "2020-12-23T18:59:36.128Z", "groups": [], "user_permissions": []}}, {"model": "auth.user", "pk": 2, "fields": {"password": "pbkdf2_sha256$216000$0nEfKXr3VoN0$i9dDH/JGuBa9c24jjDTV5qWTu6bW3auh5O653jbVTfE=", "last_login": "2021-01-11T22:08:53.713Z", "is_superuser": false, "username": "Andy", "first_name": "", "last_name": "", "email": "", "is_staff": false, "is_active": true, "date_joined": "2021-01-11T18:13:40Z", "groups": [1], "user_permissions": []}}, {"model": "contenttypes.contenttype", "pk": 1, "fields": {"app_label": "admin", "model": "logentry"}}, {"model": "contenttypes.contenttype", "pk": 2, "fields": {"app_label": "auth", "model": "permission"}}, {"model": "contenttypes.contenttype", "pk": 3, "fields": {"app_label": "auth", "model": "group"}}, {"model": "contenttypes.contenttype", "pk": 4, "fields": {"app_label": "auth", "model": "user"}}, {"model": "contenttypes.contenttype", "pk": 5, "fields": {"app_label": "contenttypes", "model": "contenttype"}}, {"model": "contenttypes.contenttype", "pk": 6, "fields": {"app_label": "sessions", "model": "session"}}, {"model": "contenttypes.contenttype", "pk": 7, "fields": {"app_label": "menu", "model": "category"}}, {"model": "contenttypes.contenttype", "pk": 8, "fields": {"app_label": "menu", "model": "dish"}}, {"model": "contenttypes.contenttype", "pk": 9, "fields": {"app_label": "contact_info", "model": "usermessages"}}, {"model": "contenttypes.contenttype", "pk": 10, "fields": {"app_label": "menu", "model": "anons"}}, {"model": "sessions.session", "pk": "4fhjnrhrrgrjltzq9lrig2a2kilo21pd", "fields": {"session_data": ".eJxVjEEOwiAUBe_C2pBSoBSX7j0DeXw-UjU0Ke3KeHdt0oVu38y8lwjY1hK2xkuYkjgLJU6_WwQ9uO4g3VFvs6S5rssU5a7IgzZ5nRM_L4f7d1DQyrdmJsaoOmM1tAPYkFVG5z6l7CIj9x7sKQ9kEb1L2jA6M2hSPGa2Vrw_GvE5Tg:1kwVUt:qnfTbaEdQlDtASpOHzAdfKeZk5zxlc9mD_ga_tApK1M", "expire_date": "2021-01-18T19:26:31.543Z"}}, {"model": "sessions.session", "pk": "6ouwcicq0skap4ryiihdznyqa2w47y6f", "fields": {"session_data": ".eJxVjEEOwiAUBe_C2pBSoBSX7j0DeXw-UjU0Ke3KeHdt0oVu38y8lwjY1hK2xkuYkjgLJU6_WwQ9uO4g3VFvs6S5rssU5a7IgzZ5nRM_L4f7d1DQyrdmJsaoOmM1tAPYkFVG5z6l7CIj9x7sKQ9kEb1L2jA6M2hSPGa2Vrw_GvE5Tg:1l0MoF:jshsvx7sZ88YdJ1_zn1mK3DnFR8szzlQxtjzyyIgXYk", "expire_date": "2021-01-29T10:58:27.724Z"}}, {"model": "sessions.session", "pk": "6rdmpme4x4787qs6ezu29ycz11mewm2m", "fields": {"session_data": ".eJxVjMsOwiAQRf-FtSHAyKMu3fcbCDAzUjU0Ke3K-O_apAvd3nPOfYmYtrXGrdMSJxQXYcTpd8upPKjtAO-p3WZZ5rYuU5a7Ig_a5TgjPa-H-3dQU6_fGhRiLsY6Bpu1s876Apa99n4oPqHK5FxxgXU44wCBFRhOHCCQQgIl3h_aYjez:1kz49a:obB4s_ecl5mJd5AtBemBGe_ZQCltabaIUvMERIWDZMc", "expire_date": "2021-01-25T20:51:06.615Z"}}, {"model": "sessions.session", "pk": "mpz03f6gdu8k9sso6ahe6ce1wanjmn3y", "fields": {"session_data": ".eJxVjEEOwiAUBe_C2pBSoBSX7j0DeXw-UjU0Ke3KeHdt0oVu38y8lwjY1hK2xkuYkjgLJU6_WwQ9uO4g3VFvs6S5rssU5a7IgzZ5nRM_L4f7d1DQyrdmJsaoOmM1tAPYkFVG5z6l7CIj9x7sKQ9kEb1L2jA6M2hSPGa2Vrw_GvE5Tg:1kwJio:rKOoh-xtFD5vGw4aoGwfpkpwdPHaE6vN-YExTf-e6R4", "expire_date": "2021-01-18T06:52:06.548Z"}}, {"model": "menu.category", "pk": 1, "fields": {"title": "Сніданки і стартери", "category_order": 1, "is_visible": true}}, {"model": "menu.category", "pk": 2, "fields": {"title": "Головні страви", "category_order": 2, "is_visible": true}}, {"model": "menu.category", "pk": 3, "fields": {"title": "Вечері", "category_order": 3, "is_visible": true}}, {"model": "menu.category", "pk": 4, "fields": {"title": "Десерти", "category_order": 4, "is_visible": true}}, {"model": "menu.category", "pk": 5, "fields": {"title": "Напої від шефа", "category_order": 5, "is_visible": true}}, {"model": "menu.dish", "pk": 1, "fields": {"title": "Шашлик Тортелліні", "price": 90, "category": 1, "photo": "images/dishes/c3203e95-4df9-472d-8718-124eaabb916b.jpg", "description": "Подається з соусом Сацебелі, лавашом, червоною цибулею та помідорами.", "special": false}}, {"model": "menu.dish", "pk": 2, "fields": {"title": "Смажені пельмені", "price": 70, "category": 1, "photo": "images/dishes/f0205f54-ce37-435f-89f7-1e38e257d808.jpg", "description": "Наші пельмені  – це страви приготовані тільки вручну та за аутентичним рецептом. Подаються з сметаною.", "special": false}}, {"model": "menu.dish", "pk": 3, "fields": {"title": "Домашня буженіна", "price": 90, "category": 1, "photo": "images/dishes/9d74d9db-15a7-4eef-96a6-bf1a34c23d40.jpg", "description": "Делікатес з відбірного ошийка зі свинини, запікається з часником та гірчицею. Подається з хріном та гірчицею.", "special": false}}, {"model": "menu.dish", "pk": 4, "fields": {"title": "Сирні помідори", "price": 74, "category": 1, "photo": "images/dishes/d07ba320-e850-489c-af73-68f9654f1444.jpg", "description": "Фаршировані сирним паштетом з  додаванням гвоздики, кореня петрушки та кореня селери, подаються з салатом.", "special": true}}, {"model": "menu.dish", "pk": 5, "fields": {"title": "Фарширована курка", "price": 110, "category": 2, "photo": "images/dishes/5f90e4e4-2f59-4799-b3bd-e8799f5fa2c5.jpg", "description": "З цвітною капустою та морквою у вершковому соусі. Подається з рисом та картоплею.", "special": false}}, {"model": "menu.dish", "pk": 6, "fields": {"title": "Макарони з грибами", "price": 105, "category": 2, "photo": "images/dishes/831cd001-171b-4d49-a9ef-8e5e81d2ca2f.jpg", "description": "Ніжні та легкі. Подаються зі сметаною. Можуть бути заправлені  духмяною олією, часником та цибулею.", "special": false}}, {"model": "menu.dish", "pk": 7, "fields": {"title": "Ніжна яловичина", "price": 140, "category": 2, "photo": "images/dishes/9789e0eb-7e48-41f3-9c94-c913a1de6f71.jpg", "description": "Запечена до рум'яної скоринки з цибулею, під вершковим соусом та сиром.", "special": false}}, {"model": "menu.dish", "pk": 8, "fields": {"title": "Курячі наггетси", "price": 130, "category": 2, "photo": "images/dishes/a5806a49-f4fb-42db-9cfa-cddd366dc007.jpg", "description": "Подаються з картопляним пюре, солоними огірками, квашеною капустою.", "special": false}}, {"model": "menu.dish", "pk": 9, "fields": {"title": "Бефстоганов", "price": 150, "category": 3, "photo": "images/dishes/761a8c09-a72e-48cb-8bf2-fe3382644637.jpg", "description": "Яловичина, обсмажена з цибулею та тушкована у вершковому соусі з грибами.", "special": false}}, {"model": "menu.dish", "pk": 10, "fields": {"title": "Хрустка смажена курка", "price": 120, "category": 3, "photo": "images/dishes/68ad55b5-6838-4a43-a34a-3b2706489829.jpg", "description": "З брокколі, цвітною капустою, та морквою у вершковому соусі.", "special": false}}, {"model": "menu.dish", "pk": 11, "fields": {"title": "Шматочки лосося", "price": 180, "category": 3, "photo": "images/dishes/94346d53-942c-4657-afa6-95a883e4e9c0.jpg", "description": "Обсмажені у вершковому соусі з додаванням білого сухого вина, помідорів, ріпчастої цибулі.", "special": true}}, {"model": "menu.dish", "pk": 12, "fields": {"title": "Кокосовий лосось", "price": 200, "category": 3, "photo": "images/dishes/f62591bf-8387-4734-afb5-27e33cd46be1.jpg", "description": "Філе лосося,запечене у фользі з додаванням кокосу, соку лимона та вершкового масла.", "special": false}}, {"model": "menu.dish", "pk": 13, "fields": {"title": "Шоколадний торт", "price": 56, "category": 4, "photo": "images/dishes/d282d307-5736-419e-817e-2f473b49473a.jpg", "description": "Смачні шоколадні коржі, просочені ніжним сметанним кремом.", "special": true}}, {"model": "menu.dish", "pk": 14, "fields": {"title": "Терпкий бурбон-пекан", "price": 74, "category": 4, "photo": "images/dishes/7eb02255-4481-4d0c-8c5e-52ddfbc1dbc6.jpg", "description": "З дитинства улюблене згущене молоко і фундук, хрустке безе і ніжне желе - дивовижне поєднання яке здивує всіх.", "special": false}}, {"model": "menu.dish", "pk": 15, "fields": {"title": "Техаський торт", "price": 150, "category": 4, "photo": "images/dishes/79444f0d-9b55-46ce-a797-40a6d5610ad7.jpg", "description": "Дуже ніжний і повітряний тортз ароматом меду, просочений вершковим кремом.", "special": false}}, {"model": "menu.dish", "pk": 16, "fields": {"title": "Київський торт", "price": 80, "category": 4, "photo": "images/dishes/28d9bfc3-690d-42b7-878e-438d7553691d.jpg", "description": "Символ міста Києва, свято смаку та застілля.", "special": false}}, {"model": "menu.dish", "pk": 17, "fields": {"title": "Самогон домашній", "price": 45, "category": 5, "photo": "images/dishes/a480f169-cf58-4f2c-9cae-1dcdb16e8eec.jpg", "description": "With tomatoes and cucumbers.", "special": false}}, {"model": "menu.dish", "pk": 19, "fields": {"title": "Коктейль Маргарита", "price": 5, "category": 5, "photo": "images/dishes/059a829f-e6ee-436d-a739-f202de5e889e.jpg", "description": "Подається з шматочком апельсина та мятою.", "special": false}}, {"model": "menu.dish", "pk": 20, "fields": {"title": "Мартіні", "price": 30, "category": 5, "photo": "images/dishes/4447d9b3-389a-4607-ac86-6bae56ed3405.jpg", "description": "Контрабанда від шефа.", "special": false}}, {"model": "menu.anons", "pk": 1, "fields": {"title": "Весілля", "photo_sm": "images/anonses/bbd0cfb8-1cee-4581-8a92-ea6fc3b299c6.jpg", "photo_bg": "images/anonses/1d868cb1-75cc-4a1b-bb70-e16b5facaaf7.jpg", "description": "Наш шеф спільно з метрдотелем можуть скласти індивідуальне меню виходячи з Ваших вподобань, додавши в нього улюблені вами страви. Метрдотель ресторану  продумає максимально зручне розташування гостей у залі. \r\n Весільний торт від шефа підкорить усіх і стане чудовим  завершенням цієї важливої події.", "is_visible": true}}, {"model": "menu.anons", "pk": 2, "fields": {"title": "Банкети", "photo_sm": "images/anonses/e284919e-945d-4fd4-b021-83d5f006780c.jpg", "photo_bg": "images/anonses/8f7f5d1e-59cd-4d59-9fa2-8fd8921d22e7.jpg", "description": "Колекція вин ресторану «Смак» налічує близько 120 позицій, від всесвітньо відомих винних будинків до невеликих сімейних виноробства. \r\n  Коктейльне меню - це ще одна особливість нашого ресторану.", "is_visible": true}}, {"model": "menu.anons", "pk": 3, "fields": {"title": "Конференції", "photo_sm": "images/anonses/f00f2a8f-548c-485c-909b-155fe7bece8d.jpg", "photo_bg": "images/anonses/9e03d80b-4325-44c7-8183-1963d0a3b624.jpg", "description": "Запрошуємо провести конференцію, семінар, фуршет, або сімейний захід в наших затишних залах.  Все що Вам потрібно - просто вибрати дату та зателефонувати нам. Ми подбаємо щоб Ваша зустріч пройшла якомога успішно.", "is_visible": true}}, {"model": "contact_info.usermessages", "pk": 1, "fields": {"user_name": "Андрей", "user_email": "ai_13@bk.ru", "message": "Привіт! Хочу бронювати столик!", "is_processed": false, "send_date": "2021-01-04"}}, {"model": "contact_info.usermessages", "pk": 2, "fields": {"user_name": "Анатолій", "user_email": "slyandy@gmail.com", "message": "Хочу замовити торт додому.", "is_processed": false, "send_date": "2021-01-04"}}, {"model": "contact_info.usermessages", "pk": 3, "fields": {"user_name": "Андрей", "user_email": "ai_13@bk.ru", "message": "I'd like to book a table for two/", "is_processed": false, "send_date": "2021-01-08"}}, {"model": "contact_info.usermessages", "pk": 4, "fields": {"user_name": "Mark", "user_email": "mark@gm.ua", "message": "Hello!", "is_processed": false, "send_date": "2021-01-08"}}, {"model": "contact_info.usermessages", "pk": 5, "fields": {"user_name": "Mark", "user_email": "ai_13@bk.ru", "message": "Hello from Mark", "is_processed": false, "send_date": "2021-01-08"}}, {"model": "contact_info.usermessages", "pk": 6, "fields": {"user_name": "Sam", "user_email": "sam@google.com", "message": "What the fuck are you doing there?!", "is_processed": false, "send_date": "2021-01-11"}}, {"model": "contact_info.usermessages", "pk": 7, "fields": {"user_name": "Bob", "user_email": "bb@fuck.org", "message": "Hello! Want a burger!", "is_processed": false, "send_date": "2021-01-12"}}, {"model": "contact_info.usermessages", "pk": 8, "fields": {"user_name": "Lisa", "user_email": "llu@fm.su", "message": "Send me a chicken!", "is_processed": false, "send_date": "2021-01-12"}}, {"model": "contact_info.usermessages", "pk": 9, "fields": {"user_name": "lola", "user_email": "mark@gm.ua", "message": "Haha", "is_processed": false, "send_date": "2021-01-12"}}, {"model": "contact_info.usermessages", "pk": 10, "fields": {"user_name": "Helen", "user_email": "hu@lo.lo", "message": "Yes, I like vodka. Send me a bottle.", "is_processed": false, "send_date": "2021-01-12"}}, {"model": "contact_info.usermessages", "pk": 11, "fields": {"user_name": "Снежана", "user_email": "sn21@gm.com", "message": "I want coffee", "is_processed": true, "send_date": "2021-01-12"}}]